<?xml version="1.0" encoding="UTF-8"?>
<project-private xmlns="http://www.netbeans.org/ns/project-private/1">
    <editor-bookmarks xmlns="http://www.netbeans.org/ns/editor-bookmarks/2" lastBookmarkId="0"/>
    <open-files xmlns="http://www.netbeans.org/ns/projectui-open-files/2">
        <group>
            <file>file:/C:/microchip/harmony/v2_06/apps/TP_ACTIF/TP3_MenuGen/firmware/src/DefMenuGen.h</file>
            <file>file:/C:/microchip/harmony/v2_06/apps/TP_ACTIF/TP3_MenuGen/firmware/src/GesPec12.c</file>
            <file>file:/C:/microchip/harmony/v2_06/apps/TP_ACTIF/TP3_MenuGen/firmware/src/MenuGen.c</file>
            <file>file:/C:/microchip/harmony/v2_06/apps/TP_ACTIF/TP3_MenuGen/firmware/src/GesPec12.h</file>
            <file>file:/C:/microchip/harmony/v2_06/apps/TP_ACTIF/TP3_MenuGen/firmware/src/main.c</file>
            <file>file:/C:/microchip/harmony/v2_06/apps/TP_ACTIF/TP3_MenuGen/firmware/src/system_config/default/system_tasks.c</file>
            <file>file:/C:/microchip/harmony/v2_06/apps/TP_ACTIF/TP3_MenuGen/firmware/src/app.c</file>
            <file>file:/C:/microchip/harmony/v2_06/apps/TP_ACTIF/TP3_MenuGen/firmware/src/Generateur.c</file>
            <file>file:/C:/microchip/harmony/v2_06/apps/TP_ACTIF/TP3_MenuGen/firmware/src/MenuGen.h</file>
        </group>
    </open-files>
</project-private>
